id,persona,scenario,route,component_file,screen_area,friction,severity,frequency,evidence,suggested_fix,burden_type,round
C1-01,C1 Year 1-2 child,S1,/custdash/learninghub?child=…,home/StudentHome.tsx,Kid Home,Kid Home is the parent dashboard: about 6 boxes and 30-45 words before the first button; the only 'what to do next' card is the LAST block,3,,"StudentHome.tsx:132-134,175,252","In kid mode put one huge 'Keep going' button with icon at the top; hide streak, level and stats boxes",,1
C1-02,C1 Year 1-2 child,S1,/custdash/learninghub?child=…,lesson/slides/blocks.tsx,Audio (whole hub),No read-aloud for a pre-reader; speechSynthesis exists only inside one phonics block,4,,"lesson/slides/blocks.tsx:28-39,236","Add a speaker button on the Home CTA, question prompt and result headline using the existing speak()",,1
C1-03,C1 Year 1-2 child,S1,/custdash/learninghub?child=…,HubTabs.tsx,Kid tab strip,Kid tabs are text-only 13px pills (icons hidden below 1024px); 'Starting quiz / Quizzes / Lessons' mean nothing to a 6-year-old,3,,"HubTabs.tsx:113; family/KidMode.tsx:15,20",Show icons at every width in kid mode and make tab labels bigger,,1
C1-04,C1 Year 1-2 child,S1,/custdash/learninghub?child=…,home/StudentHome.tsx,Next lesson box,"Next-lesson button calls go('live'), which is not a kid tab, so the tap silently returns to Home",2,,StudentHome.tsx:148; LearningHubApp.tsx:85,Hide or replace that tap target in kid mode,,1
C1-05,C1 Year 1-2 child,S1,/custdash/learninghub?child=…,home/homeKit.tsx,Load error,"Error reads ""The server didn't respond within 15s (http://localhost:4000). Is the API running?"" in a red box; only 'Try again' is usable",3,,home/homeKit.tsx:130-131; lib/api.ts:130,In kid mode show 'Oops!' with one big Retry button and hide the technical text,,1
C1-06,C1 Year 1-2 child,S2,/custdash/learninghub?child=…,shared-assess/TakeAssessment.tsx,Answering a real quiz,"No right/wrong reaction while answering, so no instant praise; correctness only shows at the end (Warm-up has it)",3,,"TakeAssessment.tsx:295-298; lesson/WarmupStep.tsx:17,114",Add a friendly per-question reaction (tick / 'try again') or at least a 'Saved!' animation,,1
C1-07,C1 Year 1-2 child,S2,/custdash/learninghub?child=…,shared-assess/ResultView.tsx,Quiz result,"A miss is explained in percentages: 'You scored 40%, 25 points short of the 70% pass mark...' about 25 words",3,,"ResultView.tsx:114,126","Kid variant: stars, one line ('Nearly there!') and one big 'Try again' button; numbers under a grown-up fold",,1
C1-08,C1 Year 1-2 child,S2,/custdash/learninghub?child=…,shared-assess/TakeAssessment.tsx,Hand in,"Hand-in takes 3 screens of reading: Review answers, 'Ready to hand in?', 'You still have N unanswered' popup",2,,"TakeAssessment.tsx:298,318-319,343-346",For kids go from the last question to one 'All done!' button,,1
C1-09,C1 Year 1-2 child,S2,/custdash/learninghub?child=…,homework/StudentHomework.tsx,Homework detail,"'Take the quiz' sits below small-print instructions, far from the title",2,,"StudentHomework.tsx:221,275",Put the main action directly under the title in kid mode,,1
C1-10,C1 Year 1-2 child,S2,/custdash/learninghub?child=…,shared-assess/TakeAssessment.tsx,Retake / blocked,Retake copy is a sentence: 'One attempt only. Ask your tutor if you need another go.' / 'You can retake this in 2h',2,,TakeAssessment.tsx:248-251,Big icon plus 'Ask a grown-up' instead of a sentence,,1
C1-11,C1 Year 1-2 child,S5,/custdash/learninghub?child=…,flashcards/ReviewSession.tsx,Flashcard rating,Rating uses 'Again / Hard / Good / Easy' and keyboard hints; a 6-year-old can't self-grade,2,,flashcards/StudentFlashcards.tsx:139; ReviewSession.tsx:42,Kid mode: 3 faces (try again / nearly / got it) and spoken card text,,1
C1-12,C1 Year 1-2 child,S5,/custdash/learninghub?child=…,shared-assess/TakeAssessment.tsx,After finishing,No 'what next' after a quiz/homework; only 'Back to quizzes' / 'Retake'. The all-done card appears on Home only when every quiz is done,3,,TakeAssessment.tsx:246-251; StudentHome.tsx:252-259,Reuse Home's `step` to show one big 'Next: Flashcards' button on every end screen,,1
C1-13,C1 Year 1-2 child,S5,/custdash/learninghub?child=…,homework/StudentHomework.tsx,Cross-tab link,goToTab clicks hidden buttons by regex; failure text is 'Open the Flashcards tab at the top of this page.',2,,StudentHomework.tsx:181; teachKit.tsx:310,Use the shell's go('flashcards'); no reading-only fallback,,1
C1-14,C1 Year 1-2 child,S1,/custdash/learninghub?child=…,shared-assess/TakeAssessment.tsx,Quiz progress,Progress is 11.5px grey text ('Question 3 of 10 · 2 answered') and small number chips,1,,"TakeAssessment.tsx:274,310",Show a big bar or stars filling instead,,1
C1-15,C1 Year 1-2 child,S2,/custdash/learninghub?child=…,shared-assess/QuestionView.tsx,Type/write questions,Typed or written answers need reading and typing ('Write your answer here. Your tutor will read and mark it.'),2,,"QuestionView.tsx:114,121,130",Kid mode: photo or voice answer; or skip written questions for pre-readers,,1
C2-01,C2,3 join live lesson,/custdash/learninghub?child=..(kid),features/learninghub/family/KidMode.tsx,Home next-lesson Join button,Join lesson does nothing: go('live') is blocked because live is not in KID_TABS so the hub falls back to home,4,weekly,KidMode.tsx:15 KID_TABS lacks live; LearningHubApp.tsx:85 forces home; StudentHome.tsx:150 onGo go('live'),Add live to KID_TABS or open the lobby directly from Join; keep the Grown-ups gate for exit only,child,1
C2-02,C2,4 see progress,/custdash/learninghub?child=..(kid),features/learninghub/home/StudentHome.tsx,How I'm doing card,See progress button goes to dashboard which is not a kid tab so nothing happens; hero also says 'Take a look at your progress',3,daily,StudentHome.tsx:243 go('dashboard'); :222 empty action; :132 hero text; KidMode.tsx:15,Add a simple kid 'My progress' tab or remove the button and text in kid mode,child,1
C2-03,C2,1 what now,/custdash/learninghub?child=..(kid),features/learninghub/home/StudentHome.tsx,Home layout,"The real next step 'Keep going' is the last block; 8+ blocks and ~200 words before first action and four competing buttons (Join, Review now, Open, Start quiz)",3,daily,StudentHome.tsx:124 hero .. :252 Keep going; first task button at :157 Review now,Move Keep going (or a single Do this now) to the top and shrink hero to greeting + streak,child,1
C2-04,C2,4 see progress,/custdash/learninghub?child=..(kid),features/learninghub/home/StudentHome.tsx,My level vs How I'm doing,Contradictory numbers: My level 75% (mean) vs ring 78% (strongest subject) vs 'No results yet' beside them,3,daily,"01c-data-truth.md s3.2 s3.4; StudentHome.tsx:213,224; Attainment.tsx",Show one named number or none; hide How I'm doing when no results; kid Home shows streak and count this week,child,1
C2-05,C2,2 wrong answers,quiz result,features/learninghub/shared-assess/ResultView.tsx,Result banner and tiles,"Three phrasings for a miss (Not yet / Not quite / Not there yet), red warning triangle and huge score ring on a low score; answer key may be hidden by tutor rule",2,weekly,"ResultView.tsx:112,194,220; StudentHome.tsx:266-270",One phrase 'Not yet' with sparkle icon not warning; lead with what to retry; show explanation by default for children,child,1
C2-06,C2,curriculum,Notes tab,features/learninghub/curriculum/CurriculumCard.tsx,What I've covered,"Adult grid: '% of the curriculum touched', 'topics started', Y1-Y6 columns; a low percent looks like I'm behind",2,weekly,"CurriculumCard.tsx:92,135,149,170",Kid mode: only 'You finished N lessons' and a tick list of topics; hide grid and percent,child,1
C2-07,C2,6 message tutor,Messages tab,features/learninghub/QuestionsPanel.tsx,New message composer,"No line saying who can read the message, no 'tell a grown-up if unsafe' and no grown-up route; Ask your tutor link is hidden in kid mode",3,rare,QuestionsPanel.tsx:352 placeholder only; FamilyContext.tsx:147; StudentHome.tsx:104,Add one-line visibility and safety text under composer plus Talk to a grown-up button opening the gate,child,1
C2-08,C2,5 finished early,/custdash/learninghub?child=..(kid),features/learninghub/home/StudentHome.tsx,All done state,Passive 'Every quiz done - brilliant' text; progress link dead; Tools not reachable in kid mode; nothing to do next,2,weekly,"StudentHome.tsx:132,266; KidMode.tsx:15 (no tools)",Show 3 bonus buttons: flashcards / redo a missed quiz / read a lesson,child,1
C2-09,C2,1 what now,tab strip,features/learninghub/HubTabs.tsx,Tabs in kid mode,"7 text tabs (Starting quiz, Notes, Quizzes, Homework, Flashcards, Messages, Home) with no icons or read-aloud; heavy for age 8; quizzes list has Locked / Finish a lesson to unlock groups",2,daily,"KidMode.tsx:15,20; StudentAssess.tsx:176,349",Icon + colour on tabs; hide Starting quiz tab unless a quiz needs it,child,1
C2-10,C2,1 what now,Home,features/learninghub/home/StudentHome.tsx,Copy,Home is ~350 words; kid copy is third-person ('Ava's first quiz score will appear here') and 'Strongest topic / Focus next' with percentages,2,daily,"StudentHome.tsx:213,236-241",Second person short copy; drop Focus next percent for kids,child,1
C3-01,C3,1 what now,/custdash/learninghub,features/learninghub/family/KidMode.tsx,Kid bar / mode choice,"No teen mode: only a parent view or Kid mode titled ""{name}'s learning"" with a ""Grown-ups"" lock",4,daily,KidMode.tsx:52-58; FamilyContext.tsx:114,"Add a ""Student"" (13+) display mode: same tabs incl. Progress and Tools; drop the parent lock and the childish header",child,1
C3-02,C3,4 progress,/custdash/learninghub?tab=dashboard,features/learninghub/family/KidMode.tsx,KID_TABS,Kid mode hides Progress Tools and Live so weak topics are unreachable there,4,daily,KidMode.tsx:15,Add dashboard (and tools) to KID_TABS or the teen mode,child,1
C3-03,C3,4 progress,/custdash/learninghub?tab=dashboard,features/learninghub/progress/ProgressView.tsx,Subject cards topic list,Subjects and topics are sorted A-Z so the weakest topic is buried in a long GCSE list,4,daily,ProgressView.tsx:48 and :109,Sort topics weakest-first (untried last) or add a Weakest pill row above the list,child,1
C3-04,C3,4 progress,/custdash/learninghub?tab=home,features/learninghub/home/StudentHome.tsx,Mastery snapshot Focus next,Focus next shows one topic and is a non-tappable div so I cannot act in two taps,3,daily,StudentHome.tsx:241 and :277-288,Make the topic row a button that opens a quiz or lesson for that topic; show the lowest 3,child,1
C3-05,C3,2 quiz,/custdash/learninghub?tab=quizzes,features/learninghub/shared-assess/ResultView.tsx,Result banner actions,Review these N topics only scrolls to the same page and starts no practice,3,daily,ResultView.tsx:107-108; ResultBanner.tsx:77-81,Link each weak topic to a filtered quiz or flashcards for that topic,child,1
C3-06,C3,5 finished early,/custdash/learninghub?tab=home,features/learninghub/home/StudentHome.tsx,Keep going card,"No revision plan: when done the app says Every quiz done — brilliant."" and nothing else""",3,daily,StudentHome.tsx:266,"When nothing is due show ""Revise your weakest"" with 3 topic buttons from mastery data",child,1
C3-07,C3,2 quiz,/custdash/learninghub?tab=quizzes,features/learninghub/shared-assess/ResultView.tsx,Result headline copy,"Primary-school praise: ""Brilliant",0,2,daily,ResultView.tsx:113-114; KidMode.tsx:17,"Neutral wording: ""Passed 72%"" ""6 marks below the pass mark""; keep raw band names for teens",1
C3-08,C3,1 what now,/custdash/learninghub?tab=home,features/learninghub/home/StudentHome.tsx,Hero streak flame,"Flame streak and week dots read as a kids' game; parent summary card (""Emailing me about..."") leads the page",2,daily,StudentHome.tsx:87-99 and :138-144,"Hide flame and parent card in teen mode; keep a plain ""5 days active"" text stat",child,1
C3-09,C3,1 what now,/custdash/learninghub?tab=home,features/learninghub/home/StudentHome.tsx,Home order,"The one clear next step (""Keep going"") is the last card so at 390px it is below several screens",3,daily,StudentHome.tsx:246-255,Move the next-step card directly under the greeting,child,1
C3-10,C3,a curriculum,/custdash/learninghub?tab=notes,features/learninghub/curriculum/CurriculumCard.tsx,What I've covered grid,Wide Year 1-11 lesson-count grid side-scrolls on a phone and shows coverage not mastery,3,weekly,CurriculumCard.tsx:170 and :217 and :135,Default to Year 10-11 columns for a GCSE pupil and colour cells by mastery band,child,1
C3-11,C3,5 finished early,/custdash/learninghub?tab=notes,features/learninghub/lesson/DoneStep.tsx,Lesson player,"Confetti XP pills and Keep going! / Great work! / Brilliant!"" in the lesson finish""",2,weekly,DoneStep.tsx:12 and :40; LessonPlayer.tsx:292-316,Turn off confetti and XP for Year 9+ (a flag on the child's year),child,1
C3-12,C3,b messages,/custdash/learninghub?tab=questions,features/learninghub/QuestionsPanel.tsx,Family messages,"No photo attachment for working-out, and 3 taps (folder, thread, reply) to reach a thread",2,weekly,QuestionsPanel.tsx:265 and :352,Add an image attach button; open the newest unread thread by default,child,1
C3-13,C3,2 quiz,/custdash/learninghub?tab=quizzes,features/learninghub/shared-assess/StudentAssess.tsx,Quiz list,Quizzes sorted by subject then title with no weak-topic or unfinished filter so I cannot pick what to revise,3,daily,StudentAssess.tsx:74,Add chips: Weakest topics / Unfinished / Retake,child,1
C4-01,C4,2,/custdash/learninghub?child=,features/learninghub/shared-assess/TakeAssessment.tsx,quiz timer,Live countdown pill turns red under 60s and answers auto-submit at zero; leaving keeps the clock running; child cannot switch it off,4,,"TakeAssessment.tsx:225,260,277-279,287,354","Per-child 'no timer' option set by tutor/parent; show time as a quiet static hint, no red, no auto-submit",,1
C4-02,C4,b,/custdash/learninghub?child=,features/learninghub (whole),read-aloud,"No speechSynthesis or read-aloud button on Home, quiz, lesson or homework; only tool X-08 which kid mode cannot reach",4,,registryData.ts:182; grep found no speechSynthesis; KID_TABS omits tools (KidMode.tsx:15),"Add a speaker button to prompts, feedback and Home cards (browser TTS), switchable in Comfort settings",,1
C4-03,C4,b,/custdash/learninghub?child=,features/learninghub/tools/english/readingOptions.tsx,reading settings,Text size and line spacing exist only inside writing tools and reset every visit; no global font/colour/spacing control,3,,readingOptions.tsx:6 'Local to the component; nothing stored',Store a per-child reading profile behind the Grown-ups gate and apply hub-wide,,1
C4-04,C4,1,/custdash/learninghub?child=,features/learninghub/home/StudentHome.tsx,home,"Home has about 9 blocks and 3 competing CTAs (Review now, homework rows, Keep going) with 11-13px grey text and staggered entrance animation",3,,"StudentHome.tsx:124-262,138,235","Kid mode: one 'Do this next' card first (use d.step), rest under 'More'",,1
C4-05,C4,2,/custdash/learninghub?child=,features/learninghub/homework/StudentHomework.tsx,homework due state,"Red 'Overdue', 'Overdue by N days', warning triangle, red 'Handed in late' badge and '2 overdue' tile read as blame",3,,"hwTypes.ts:44; StudentHomework.tsx:71-72,83,104,190,333","Kid wording 'Waiting for you' / 'Due Tuesday', gold not red, drop 'late' badge in kid mode",,1
C4-06,C4,2,/custdash/learninghub?child=,features/learninghub/shared-assess/ResultView.tsx,result review,"Red '✗ Not quite' chip, '0 / 1 marks', percentages and 'N points short of the 70% pass mark' shown for every question at once",3,,"ResultView.tsx:126,194,208",Kid result: ring + one sentence + 'Look back' button; use 'Try again' chip in blue; hide marks,,1
C4-07,C4,2,/custdash/learninghub?child=,features/learninghub/lesson/LessonPlayer.tsx,lesson XP and streak,"XP chip, in-lesson streak that resets on a wrong answer, confetti bursts; red-soft 'Not quite' box for mistakes",2,,"LessonPlayer.tsx:252-258,292; WarmupStep.tsx:113-114; DoneStep.tsx:61","Calm mode setting hides XP, streak reset and confetti; never reset visibly",,1
C4-08,C4,2,/custdash/learninghub?child=,features/learninghub/flashcards/fcTypes.ts,flashcard rating,Rating labels 'Again / Hard / Good / Easy' with hints 'Didn't know it' / 'Too easy' and keyboard shortcut hints; 'Again' is red,2,,fcTypes.ts:20-23; ReviewSession.tsx:169,Kid labels with icons: 'Show me again' / 'Tricky' / 'Got it'; no red,,1
C4-09,C4,a,/custdash/learninghub?child=,features/learninghub/home/homeKit.tsx,error copy,Errors show 'Couldn't load {what} — {message}' and 'A rating didn't save'; developer text can leak; scary auto-submit failure text,2,,"homeKit.tsx:130; ReviewSession.tsx:73,130; TakeAssessment.tsx:132","One kid error: 'Oops, that didn't work. Nothing is lost. [Try again]'; hide raw message",,1
C4-10,C4,4,/custdash/learninghub?child=,features/learninghub/family/KidMode.tsx,navigation,'See progress' targets the dashboard tab but KID_TABS excludes it so kid mode redirects to Home; tools tab unreachable so no 'finished early' options,2,,"KidMode.tsx:15,20; LearningHubApp.tsx:85; StudentHome.tsx:243",Add a simple kid 'My stars' view or remove the button; add Free choice card when allDone,,1
C4-11,C4,4,/custdash/learninghub?child=,features/learninghub/home/StudentHome.tsx,progress display,"Percentages, 'Focus next' weakest-topic label and 'Based on 3 of 8 topics practised' can feel like a scorecard",2,,"StudentHome.tsx:235,241,296",Show bands/stars only; rename to 'Try next',,1
C4-12,C4,b,/custdash/learninghub?child=,features/learninghub (settings),controls,"No per-child switch for timers, scores, streak, motion; only OS reduced-motion; child has no control at all",3,,motion.tsx:17-20; brief 8.3 lists as principle,Comfort panel behind Grown-ups gate (parent) with tutor default,,1
P1-01,P1,1 week/overdue,/custdash/learninghub,features/learninghub/home/StudentHome.tsx,Home parent summary,No on-track/overdue verdict; summary counts done items only and overdue is only in the Homework card lower down,4,daily,StudentHome.tsx:106-118 vs :180-200,"Lead the ""this week"" strip with ""1 homework overdue (title)"" or ""Nothing overdue""",parent,1
P1-02,P1,1 week/overdue,/custdash/learninghub,features/learninghub/LearningHubApp.tsx,Home layout on phone,"Parent summary sits below hero + FamilyBar + tabs; then a child-addressed hero (""Good morning Ava. You have..."") so parent must translate",3,daily,LearningHubApp.tsx:232-247; StudentHome.tsx:132-135,Collapse hero on Home for parents or move the summary above the tabs,parent,1
P1-03,P1,3b notifications,server,server/src/lib/hubNotify.ts,Notification triggers,"Only tutor actions notify; nothing for overdue homework / lesson starting soon / child not logged in; notify.ts advertises ""new notes"" but no trigger",4,weekly,hubNotify.ts callers in SRV/homeworkApi.ts lessonsApi.ts doubtsApi.ts attempts.ts inPersonApi.ts; notify.ts:50-51,"Add ""due tomorrow/overdue"" and ""lesson in 1 hour"" notices",parent,1
P1-04,P1,3 contact,server,server/src/routes/hub/doubtsApi.ts,Tutor reply notification,Only the first tutor reply notifies; follow-up replies are silent,3,weekly,doubtsApi.ts:177-179 firstReply,Notify on every tutor reply (or batch per thread per hour),parent,1
P1-05,P1,3 contact,/custdash/messages,features/learninghub/family/FamilyContext.tsx,Ask your tutor,Ask your tutor leaves hub to portal messages while replies show in hub Messages tab: two inboxes; no route for cancel/problem/billing/urgent,3,rare,LearningHubApp.tsx:211; QuestionsPanel.tsx:265; FamilyContext.tsx:136-139,One inbox; compose chooser (question / can't attend / other) and show tutor contact if set,parent,1
P1-06,P1,3b notifications,/custdash/learninghub,features/learninghub/home/StudentHome.tsx,Email mute toggle,"Single ""learning"" category: muting noise also mutes cancellations and time changes; toggle hidden under summary and names only one child",2,rare,StudentHome.tsx:281-283; notify.ts:332,Split changes (never mute) from reminders/marks; move to settings link,parent,1
P1-07,P1,3b notifications,server,server/src/routes/hub/homeworkApi.ts,New homework wording,"Plural grammar: ""Ava and Leo has new homework""; lesson-reopened wording is child-facing ('rejoin')",1,weekly,homeworkApi.ts:137; lessonsApi.ts:401,"Use ""have"" for plural names; simplify reopened",parent,1
P1-08,P1,3b notifications,server,server/src/routes/hub/lessonsApi.ts,Time-change notice,Change notice gives new time only (not old); times hard-coded Europe/London,2,rare,lessonsApi.ts:97; :343,"Say ""moved from X to Y""",parent,1
P1-09,P1,3c kid mode,/custdash/learninghub,features/learninghub/family/FamilyContext.tsx,Hand over pill,"Explanation (""needs a grown-up to leave"") is hidden on phones; hand-over fires instantly with no confirm; kid tabs exclude Live so child can't join video from kid mode",3,weekly,FamilyContext.tsx:114; KidMode.tsx:15,One-time confirm sheet explaining how to leave; add Live/Join to kid tabs,parent,1
P1-10,P1,3c gate,/custdash/learninghub,features/learninghub/family/ParentGate.tsx,Grown-ups gate,"13-19 x 6-9 mental sum is heavy on a commute; copy says ""the family menu""",2,weekly,ParentGate.tsx:10-11; :27,"Easier sum (e.g. 47 + 38) and copy ""back to the app""",parent,1
P1-11,P1,3d curriculum,/custdash/learninghub?tab=notes,features/learninghub/curriculum/CurriculumCard.tsx,"""What I've covered""",Child-voice title read by parent; lives in Lessons tab not Progress; grid Y1-Y6 scrolls sideways; given/assigned/to go vocabulary; finished depends on quiz hand-in,2,rare,CurriculumCard.tsx:92; NotesPanel.tsx:646; legend ~:170,Third-person title for parent and surface it in Progress,parent,1
P1-12,P1,3a two children,/custdash/learninghub,features/learninghub/HubHero.tsx,Child switch,No cross-child glance (overdue/unread dot on other pill); default child is unconfirmed with no prompt; multi-child emails open last-picked child,2,daily,HubHero.tsx:88-97; useHubData.ts:59; hubNotify.ts:66,Badge on the other child's pill; carry child= where possible,parent,1
P1-13,P1,2 next lesson,/custdash/learninghub?tab=live,features/learninghub/live/Lobby.tsx,Join lobby,"Camera help says click padlock at address bar (desktop wording); pre-window button is ""Lesson details"" not a dated Join; countdown built for child (ticking secs)",2,weekly,Lobby.tsx:212-214; NextLesson.tsx:138-145,Phone-specific permission help; show day+time large above countdown,parent,1
P1-14,P1,2 next lesson,/custdash/learninghub,features/learninghub/remotesync/JoinRemoteSyncBanner.tsx,Live banner,"Child-voice: ""Your tutor has started X - join now"" button ""Start""",1,rare,JoinRemoteSyncBanner.tsx:69-71,Parent-safe wording when not in kid mode,parent,1
P1-15,P1,1 week/overdue,/custdash/learninghub,features/learninghub/home/StudentHome.tsx,Latest results / mastery,Mastery % can show while Latest results empty and % has no plain meaning (data-truth row 2),3,weekly,01c-data-truth.md row 2; StudentHome.tsx:212-247,"One attempt source; caption ""78% = mostly secure""",parent,1
P2-01,P2,a language,/custdash/learninghub,features/learninghub (whole),all hub screens,Language switcher changes nothing inside the hub; 0 of hub files use useI18n; page flips RTL for Urdu/Arabic with English text,4,,grep useI18n in features/learninghub = 0 files; lib/i18n/messages/areas has no hub area; provider.tsx sets dir=rtl,Add a hub i18n area and translate the parent-visible ~60 strings first (Home summary,,1
P2-02,P2,1 this week,/custdash/learninghub?tab=home,features/learninghub/home/StudentHome.tsx:220,Mastery snapshot card,"Jargon: ""Mastery snapshot"", ring sub-label ""mastery"", ""Strongest subject"", 78% of what is never said",3,,StudentHome.tsx:220,231,,1
P2-03,P2,b result meaning,/custdash/learninghub,features/learninghub/progress/Attainment.tsx:61,Attainment / band chip,'Attainment' and band words Learning/Developing/Secure (Secure reads as 'safe'); tutor can rename bands,3,,Attainment.tsx:61; lib/hubConfig.ts:76,Use the kid words for parents too (Getting started / Getting there / Got it) or add a one-line key with icons,,1
P2-04,P2,1 this week,/custdash/learninghub?tab=home,features/learninghub/home/StudentHome.tsx:78,Keep going card,"Parent is told 'Take the placement test' with no explanation of what it is, who does it, or if it is required",3,,StudentHome.tsx:78; DiagnosticPanel.tsx:12; ProgressView.tsx:96,Label 'Starting quiz' for everyone and add 'A short quiz to find Ava's starting level. Ava does this'; same word on the tab,,1
P2-05,P2,1 this week,/custdash/learninghub?tab=home,features/learninghub/home/StudentHome.tsx:106-134,Summary + hero,Home speaks to the child ('You have 4 flashcards') so a parent cannot tell who must act; no 'nothing needed from you' line,3,,StudentHome.tsx:112,134; ProgressView.tsx:63,,1
P2-06,P2,2 join lesson,/custdash/learninghub?tab=live,features/learninghub/live/Lobby.tsx:205-215,Camera-blocked help,"Help is English, says 'padlock icon at the left of the address bar' (not true on Android Chrome), no picture, no contact if it fails",3,,Lobby.tsx:205-214,Phone-specific 3 steps with an image; add 'You can join without camera' at the top and an 'Ask your tutor' link,,1
P2-07,P2,2 join lesson,/custdash/learninghub?tab=live,features/learninghub/live/Lobby.tsx:257-274,Which child joins,Join button disabled until a child is picked; long English safeguarding sentence explains why,2,,Lobby.tsx:257,269,,1
P2-08,P2,2 join lesson,/custdash/learninghub?tab=home,features/learninghub/home/NextLesson.tsx:143,Next lesson hero,Before the room opens the button says 'Lesson details' not Join; countdown 'hrs/min/sec' and 'Joining opens 10 min before' are English; parent unsure if it is broken,2,,NextLesson.tsx:22,138,,1
P2-09,P2,all,/custdash/learninghub,features/learninghub/HubTabs.tsx:113,Tab strip,"10 text-only tabs in a scrolling row at 360px; icons only at lg (>=1024px); 'Placement test', 'Lessons', 'Tools' unexplained; parent-visible Tools tab",3,,HubTabs.tsx:113 hidden lg:inline-flex; inventory tab table,Show icons on phones (icon over label) and hide Tools/Placement from parents' strip,,1
P2-10,P2,3 something wrong,/custdash/learninghub,features/learninghub/types.ts:144,Error messages,errMsg returns raw e.message; fallbacks like 'Couldn't load your lessons' have no next step or contact,3,,types.ts:144; useHubData.ts:46,125; LiveLessonsPanel.tsx:92,,1
P2-11,P2,3 something wrong,/custdash/learninghub,features/learninghub/LearningHubApp.tsx:164,Hub-off empty state,'None of your providers have switched on My Classroom yet' is a dead end with jargon and no contact,3,,LearningHubApp.tsx:164,Say 'Your tutor has not opened My Classroom yet. Tap to message them.' with the message button,,1
P2-12,P2,3 something wrong,/custdash/learninghub,features/learninghub/family/FamilyContext.tsx:111-138,Family bar,"'Hand over to Ava' is the biggest button, 'Ask your tutor' the smallest; help text hidden below sm; accident tap enters kid mode",3,,FamilyContext.tsx:80,115,,1
P2-13,P2,c gate,/custdash/learninghub,features/learninghub/family/ParentGate.tsx:14-31,Grown-ups only gate,"Multiplication 13-19 x 6-9 in English text ('What is 17 x 8?'), new random sum after each mistake; parent with low maths/English can be locked out",2,,ParentGate.tsx:14,16,,1
P2-14,P2,b result meaning,/custdash/learninghub?tab=home,features/learninghub/home/StudentHome.tsx:306,Result tile chips,Red 'Not yet' with warning triangle for a lower score; 'Awaiting marking' is hard; 'Partly right' half-circle icon is unclear,2,,StudentHome.tsx:306; shared-assess/ResultView.tsx:192-193,Use 'Try again' (amber) and 'Tutor is checking'; show 'Score 12 out of 20',,1
P2-15,P2,2 join lesson,/custdash/learninghub,features/learninghub/homework/hwTypes.ts:50,Due dates,Date formatted en-GB fixed ('Due Tue,3,,daily,hwTypes.ts:44-50,,1
P2-16,P2,1 this week,/custdash/learninghub?tab=dashboard,features/learninghub/progress/ProgressView.tsx:63-96,Progress tab,"Progress screen talks to 'you' and uses 'baseline', 'coverage', 'Placement tests set your starting point'",3,,ProgressView.tsx:63,96; progress/charts.tsx:14,,1
T1-01,T1,#2,/freelancer/learninghub?tab=homework,homework/MarkDialog.tsx,Mark dialog,"No batch marking: each hand-in is opened, scored and saved one at a time; 'Out of' defaults to 10 and is not remembered per homework",3,,,"Add 'Full marks' shortcut, remember Out-of per homework, allow marking from the list row",,1
T1-02,T1,#2,/freelancer/learninghub?tab=quizzes (Marking),quiz/MarkingQueue.tsx,Marking queue,"Hand-ins, written quiz answers and placement papers are three separate marking places with two different UIs",3,,,One 'Mark queue' listing all three kinds,,1
T1-03,T1,#2,/freelancer/learninghub?tab=home,home/TutorHome.tsx,Needs your attention,"'Overdue homework' row goes to the Homework tab which auto-selects 'To mark', so overdue items are not shown; nothing to chase or remind",3,,,Pass a filter (assigned+overdue) with the tab jump; add a 'Remind' action on overdue rows,,1
T1-04,T1,#2,/freelancer/learninghub?tab=home,home/TutorHome.tsx,Needs your attention,"Badge '23 things' adds papers, child-homework pairs and people; written count can under-report (300-attempt slice)",2,,,Pass ?status=pending_marking; count one unit,,1
T1-05,T1,#8,/freelancer/learninghub?tab=home,home/ClassSnapshot.tsx,Needs a nudge card,"'Needs a nudge' row's chip says 'Assign' and only jumps to the Homework tab (no form, no student); does not help contact the child or parent",3,,,Open a prefilled message to that child; rename chip to 'Message',,1
T1-06,T1,#8,/freelancer/learninghub?tab=questions,QuestionsPanel.tsx,New message composer,Only a blank message into the child's thread; no kind template and no visible statement that the parent is told,3,,,Prefilled friendly check-in text and 'Parent is notified' line,,1
T1-07,T1,#8,/freelancer/learninghub?tab=home,home/TutorHome.tsx,Quiet row,'Quiet for 14+ days' opens Students unfiltered; no highlight of the quiet children,2,,,Filter/highlight the quiet students on arrival,,1
T1-08,T1,#8,/freelancer/learninghub?tab=home,home/ClassSnapshot.tsx,Nudge wording,'Quiet'/'Needs a nudge' label reads blame-y; 'quiet' includes kids who never opened assigned work,2,,,Neutral wording ('Check in') and correct definition,,1
T1-09,T1,#1,/freelancer/learninghub?tab=home,HubHero.tsx,Hero stat tiles,4 vanity stat tiles and lede push Next lesson and Attention down (about 90 words) at 6:55pm,3,,,Hide/collapse tiles on Home by default; put Next lesson first,,1
T1-10,T1,#1,/freelancer/learninghub?tab=home,home/NextLesson.tsx,Next lesson hero,"'Start lesson' only switches to the Live tab; 3-4 taps to be in the room; no per-student prep (last score, homework status)",3,,,Open the Lobby directly; show 1 line per student,,1
T1-11,T1,#1,/freelancer/learninghub?tab=home,LearningHubApp.tsx,First load,"35-40 s to first content, 'Checking access...' then skeleton; each tab switch shows a skeleton again (only Lessons stays mounted)",3,,,Cache last Home data; stale-while-revalidate per tab,,1
T1-12,T1,#3,/freelancer/learninghub?tab=homework,homework/hwPack.tsx,Base it on a lesson,"Search returns 6 titles only, no year/subject/topic; cannot verify Year 4/5; no 'show more'",3,,,"Show year + topic + question count, add year chips",,1
T1-13,T1,#3,/freelancer/learninghub?tab=homework,homework/hwPickers.tsx,Attach a quiz,Quiz search has no year filter; dropdown shows title + question count only; no preview inside the form,2,,,Year filter and Preview link beside the picker,,1
T1-14,T1,#3,/freelancer/learninghub?tab=homework,homework/HomeworkForm.tsx,Due date,Full form uses a native date input (default 7 days); 'Tomorrow' chips exist only in the lesson mini-form,3,,,Add Tomorrow/3 days/1 week chips,,1
T1-15,T1,#3,/freelancer/learninghub?tab=homework,homework/HomeworkForm.tsx,Form length,"Nine fields, two similar lesson searches ('Base it on a lesson' vs 'Link lessons (optional)'); about 200 words of labels",2,,,Fold optional fields under 'More options',,1
T1-16,T1,#3,/freelancer/learninghub?tab=students,GroupsSection.tsx,Group tile,When a group already has homework the big tile opens the existing list; creating needs the small '+' (icon only),2,,,Label the create button 'Set new' and keep it visible,,1
T1-17,T1,#3,/freelancer/learninghub?tab=notes,lesson/HomeworkForLesson.tsx,Lesson Set homework,"Mini-form picks students individually (yearGroup null): no group chip, no 'all Year N'",2,,,Reuse GroupQuickPick and year-mates,,1
T1-18,T1,#9,/freelancer/learninghub?tab=quizzes,quiz/AssessmentBuilder.tsx,Builder modal,"Subject, pass mark, timer, audience and retakes (about 250 words) come before the question picker; questions are below the fold",3,,,Questions first; settings under 'Options',,1
T1-19,T1,#9,/freelancer/learninghub?tab=quizzes,quiz/AssessmentBuilder.tsx,Question bank,"Reuse is one '+ Add' tap per question; no multi-select, no random pick, no '10 of 10' counter; rows show prompt only",3,,,Checkboxes + 'Add N selected'; question counter,,1
T1-20,T1,#9,/freelancer/learninghub?tab=quizzes,quiz/AssessmentList.tsx,Quiz card,"No Duplicate/Copy quiz; 'Edit existing' edits the original in place, risking a live quiz",3,,,Add 'Duplicate' and warn when editing a set quiz,,1
T1-21,T1,#9,/freelancer/learninghub?tab=quizzes,quiz/QuestionForm.tsx,New question,Question form opens as a modal over the builder modal; about 8 actions per multiple-choice question; new question has no year so year filter hides it; draft questions block publish only at save,3,,,Inline row-add in the builder; default year from the quiz; auto-publish,,1
T1-22,T1,#10,/freelancer/learninghub?tab=notes,lesson/FlashcardsForLesson.tsx,Send flashcards,Flashcards assigned immediately with no due date; student picker has no year shortcut; tile disappears silently when topic has 0 cards,2,,,Year shortcut; show 'no cards for this topic',,1
T1-23,T1,#10,/freelancer/learninghub?tab=notes,lesson/LessonTutorPanel.tsx,Worksheet,Worksheet has its own 'Set worksheet as homework' button only when the lesson has one; 'Set homework' tile assigns the lesson not the worksheet; Home tile says 'Worksheets 1',3,,,"One Set for children action offering lesson, worksheet and cards",,1
T1-24,T1,#10,/freelancer/learninghub?tab=homework,homework/HomeworkForm.tsx,Flashcards to revise,"Select lists every topic in the account (about 2,457) alphabetically; homework pack ignores worksheetAssessmentId",3,,,Search the topic; include the worksheet in the pack,,1
T1-25,T1,#10,/freelancer/learninghub?tab=notes,NotesPanel.tsx,Lessons list,Curriculum heat-map card sits above the search/year filter and pushes the list down,2,,,Collapse the card by default,,1
T1-26,T1,#12,/freelancer/learninghub?tab=questions,LearningHubApp.tsx,Tab badge,"Unread messages shown only as a badge on the 11th tab (clipped on desktop, off-screen on phone); Home does not mention them",3,,,Add 'N unread messages' to the Attention card,,1
T1-27,T1,#12,/freelancer/learninghub?tab=questions,QuestionsPanel.tsx,Thread list,"Three nested accordions (student, lesson, thread) and one-line previews; about 3 taps to open each thread; opening marks read with no 'mark unread'",3,,,Flat unread-first list,,1
T1-28,T1,#12,/freelancer/learninghub?tab=questions,QuestionsPanel.tsx,Phone layout,"Below 1024 px the thread pane renders under the entire folder list, no scroll-into-view",3,,,Separate thread screen on phone,,1
T1-29,T1,#12,/freelancer/learninghub?tab=questions,QuestionsPanel.tsx,Reply,No quick replies (unlike MarkDialog chips); tab label 'Student message centre' is long,1,,,Reuse quick-reply chips; label 'Messages',,1
T1-30,T1,#13,/freelancer/learninghub?tab=tools,tools/ToolsPanel.tsx,Tool grid,About 120 of 155 catalogue tiles are greyed 'In build'/'Coming soon'; clicking one just logs interest; 'Ready to use only' is off by default,2,,,Default to ready tools only,,1
T1-31,T1,#13,/freelancer/learninghub?tab=tools,HubTabs.tsx,Tab strip,Tools is tab 9 of 11 with a generic label and fallback sparkle icon; not discoverable and cannot attach a tool to a student or homework,2,,,Link tools from lessons/live; 'Show to student',,1
T1-32,T1,#2,/freelancer/learninghub?tab=homework,homework/TutorHomework.tsx,Segmented control,'Set homework' is both the primary button and the name of a list view (assignments) next to Inbox,2,,,Rename the view 'Assigned',,1
T1-33,T1,#3,/freelancer/learninghub?tab=students,StudentsPanel.tsx,Groups section,Groups block sits above the 8 student cards and is tall (three tiles per group),2,,,Collapse groups or move below list,,1
T2-01,T2,a,/company/learninghub?tab=home,features/learninghub/home/TutorHome.tsx,Needs your attention,"Counts are business-wide; no per-tutor view of overdue/unmarked/quiet, so I cannot see which tutor is behind",4,,TutorHome.tsx:165-172; tutorUid only used for mine filter (StudentsPanel.tsx:369),"Add tutor filter/column (group by tutorUid) to attention card, Students and Homework",,1
T2-02,T2,"a,f",/company/learninghub?tab=home,features/learninghub/home/TutorHome.tsx,Scope toggle vs attention,"My/Everyone toggle on Home only scopes lessons; attention counts, feed and nudges stay business-wide",3,,TutorHome.tsx:90-104 (only lessons filtered) vs :158 toggle,"Apply scope to inbox, attempts, quiet and nudges",,1
T2-03,T2,b,/company/setup?tab=hub,features/setup/SetupApp.tsx,Marking & progress,"Pass mark change only affects NEW quizzes; existing quizzes keep old mark, no count or apply-to-all",3,,"SetupApp.tsx:2527 hint; AssessmentBuilder.tsx:42,129",Show 'N quizzes use another pass mark' with Apply to all,,1
T2-04,T2,b,/company/setup?tab=hub,features/learninghub/quiz/AssessmentBuilder.tsx,Quiz builder,Show right answers has no per-quiz override though pass mark and retakes do; inconsistent rule model,2,,AssessmentBuilder.tsx:129 body lacks reveal; hubRules.ts:299 tenant only,Add optional per-quiz 'answers' select defaulting to tenant rule,,1
T2-05,T2,b,/company/learninghub (hero),features/learninghub/HubHero.tsx,Hero settings link,"Hub rules are outside the hub: icon-only gear leaves to Setup, no visible 'Settings' word or in-hub rules summary",3,,HubHero.tsx:72 aria-label only; SetupApp.tsx:2523,Text link 'Marking rules' in hub; show current pass mark/reveal read-only in Quizzes tab,,1
T2-06,T2,d,/company/learninghub?tab=dashboard,features/learninghub/progress/ProgressView.tsx,Most recent progress,"Progress is 'last 20 quiz scores', not the term; no date range; placement baseline excluded; 'Quizzes taken' caps at 20+",3,,"ProgressView.tsx:80,96-98; TrendChart.tsx:13",Add 'Since date' range and start-vs-now band incl. placement,,1
T2-07,T2,d,/company/learninghub?tab=dashboard,features/learninghub/progress/ProgressView.tsx,Student progress,No print / PDF / share for a parent; screen also shows tutor controls so screenshots are not parent-ready,4,,no print handler in progress/ or ProgressPanel.tsx,Print/save-as-PDF parent summary per student,,1
T2-08,T2,e,/company/learninghub,features/learninghub/panels.tsx,Tab strip,"All 11 tabs always shown; cannot hide Placement test, Flashcards, Tools, Curriculum for a camp or single-tutor tenant",3,,panels.tsx:31 fixed TAB_ORDER; HubTabs has no feature flag,Hub setting 'Tabs to show',,1
T2-09,T2,a,/company/learninghub?tab=home,features/learninghub/home/ClassSnapshot.tsx,Student snapshot,Snapshot shows 8 students x 6 subjects max of 120; the rest is '+112 more students',2,,"ClassSnapshot.tsx:14,52,119","Link 'See all 120' straight to Progress grid, sorted by need",,1
T2-10,T2,f,/company/learninghub?tab=students,features/learninghub/mineKit.tsx,Scope toggle,Only Mine/Everyone; no pick-a-tutor; hidden for owner until a student has another tutorUid; label 'lessons' vs 'students' under one stored key; localStorage per browser not per login,3,,"mineKit.tsx:13,29-40; StudentsPanel.tsx:326-327; TutorHome.tsx:158",Tutor picker for owners; key per uid; consistent label,,1
T2-11,T2,g,/company/learninghub?tab=tools,features/learninghub/tools/ToolsPanel.tsx,Tools tab,Tools is a whole tab for owner-irrelevant content; subject chips fixed (not tenant subjects); unbuilt tools shown with 'isn't ready yet',2,,"ToolsPanel.tsx:65,80; registry.ts",Hide unbuilt tools; tenant-subject filter; hideable tab,,1
T2-12,T2,"g,e",/company/learninghub?tab=notes,features/learninghub/curriculum/CurriculumCard.tsx,Lessons top card,NC 2014 curriculum card sits above every lesson list and is duplicated in Progress; UK-NC only,2,,NotesPanel.tsx:646; CurriculumRings.tsx:12; CurriculumCard.tsx:61,Collapse by default to one summary line; hide for non-NC tenants,,1
T2-13,T2,c,/company/learninghub?tab=homework,features/learninghub/homework/TutorHomework.tsx,Homework lists,"Only one homework default (due days); cannot see or standardise how each tutor assigns (groups vs individual, content type); no tutor name on rows",2,,"SetupApp.tsx:2561; HomeworkForm.tsx:46,169",Show tutor on homework/quiz rows; filter by tutor,,1
T2-14,T2,f,/franchise/learninghub,features/learninghub/quiz/AssessmentList.tsx,Franchise content,Franchise cannot tell head-office read-only content from its own; only a lone 'Everyone' chip,2,,AssessmentList.tsx:274; hubCore.ts:187-191,Badge 'From head office' on read-only rows,,1
T2-15,T2,a,/company/learninghub,features/learninghub/HubHero.tsx,Hero stats,Hero + 4 vanity stat tiles (subjects/topics/lessons/worksheets/students) push oversight content down; none are per-tutor,2,,HubHero.tsx:150; 01b-actions.csv 90 words,Replace tiles with tutor-level overdue/unmarked summary,,1
T3-01,T3,5,/{portal}/learninghub?tab=home,features/learninghub/remotesync/TutorLiveBanner.tsx,Broadcast banner,No way to end a forgotten broadcast; banner shows '0 of 8 connected' for up to 6h; Leave keeps it live,4,,"TutorLiveBanner.tsx:29; RemoteSyncApp.tsx:247,284-285; api.ts:51 endRemoteSync has no UI caller",Add End broadcast (confirm) calling endRemoteSync; auto-hide after ~45 min idle,,1
T3-02,T3,6,/{portal}/learninghub?tab=home,features/learninghub/inperson/SetupStep.tsx,Setup: who is here,No register step; attendance is a tick in setup with no record or export,3,,SetupStep.tsx:153-160; InPersonApp.tsx:173,"Register-first step: names as big toggles, all ticked, Start beside it; show attendance summary on finish",,1
T3-03,T3,6,/{portal}/learninghub?tab=home,features/learninghub/inperson/CaptureGrid.tsx,Capture grid at 20 kids,Row-per-child scroll per question; only Everyone got it as bulk; no by-child view,3,,"CaptureGrid.tsx:84,121-125; CLASS_MAX 30 inPersonApi.ts:56",Add by-child mode and Everyone the same answer / all except,,1
T3-04,T3,b,/{portal}/learninghub,features/learninghub/inperson/InPersonApp.tsx,Mark the class failure,"Hand-in failure shows a page-top red bar after the confirm dialog closes; no retry, no offline state",3,,InPersonApp.tsx:125; CaptureGrid.tsx:57-61,"Keep dialog open on error, show Saved on this tablet N unrecorded, auto-retry on reconnect",,1
T3-05,T3,b,/{portal}/learninghub,features/learninghub/inperson/CaptureGrid.tsx,Paper load,Quiz/lesson fetch has no retry when offline at open; only Back,3,,"CaptureGrid.tsx:38-42,55; InPersonApp.tsx:97-101",Retry button; cache paper in localStorage at session start,,1
T3-06,T3,6,/{portal}/learninghub,features/learninghub/inperson/SetupStep.tsx,Setup what to teach,Defaults to Interactive lesson; 13 year buttons; primary button says Start the lesson for a quiz,2,,"SetupStep.tsx:71,146,183",Remember last mode/quiz/group; collapse year filter; label Start,,1
T3-07,T3,4,/{portal}/learninghub?tab=students,features/learninghub/StudentsPanel.tsx,Enrol then group,Enrol and group assignment are separate flows (~10 taps); enrol needs subjects,3,,"StudentsPanel.tsx:196,379-399",Group picker in Enrol modal preset to current group filter,,1
T3-08,T3,2,/{portal}/learninghub,features/learninghub/inperson/ResultsPanel.tsx,Results to marking,Written answers show 'written to mark' but no link to marking queue; one child at a time,2,,ResultsPanel.tsx:88; quiz/MarkingQueue.tsx:21,Link N to mark opening the queue filtered to this session,,1
T3-09,T3,2,/{portal}/learninghub?tab=homework,features/learninghub/homework/MarkDialog.tsx,Homework marking,No bulk or same-mark-for-all; ~4 taps plus feedback per child,2,,MarkDialog.tsx:14; TutorHomework.tsx:256-258,Apply mark to selected; keep canned feedback,,1
T3-10,T3,a,/{portal}/learninghub?tab=home,features/learninghub/home/TutorHome.tsx,Quick actions,"Teach in person is the 6th and last tile, below hero and stat tiles at 768; portal is drawer mode below 1024",2,,TutorHome.tsx:176-189,Make Teach in person the first tile / sticky,,1
T3-11,T3,5,/{portal}/learninghub?tab=live,features/learninghub/remotesync/RemoteSyncApp.tsx,Leave lesson,Red Leave lesson button (testid remote-sync-end) does not end; parents' banner stays,3,,"RemoteSyncApp.tsx:247,284-285",Split into Leave and End for everyone,,1
T3-12,T3,4,/{portal}/learninghub,features/learninghub/inperson/InPersonApp.tsx,Add child mid-session,Add-in-session only for enrolled active children; walk-ins impossible,2,,InPersonApp.tsx:191-196,Allow guest name tally or quick enrol link,,1
T3-13,T3,b,/{portal}/learninghub,features/learninghub/inperson/useClassState.ts,Blocked storage,Private window/blocked localStorage silently loses taps on refresh,2,,"useClassState.ts:26,35",Show a warning when storage write fails,,1
T3-14,T3,b,/{portal}/learninghub,features/learninghub/inperson/InPersonApp.tsx,Attendance offline,Attendance toggles are server PUTs; offline gives an error and no toggle,2,,InPersonApp.tsx:119-123,"Optimistic local attendance, sync later",,1
T4-01,T4,#9 #3,/freelancer/learninghub (Students),lib/hubConfig.ts,Settings,"No per-child accommodations: extra time, no timer, reading options, reduce motion, hide streaks, read-aloud",4,,HubSettings has only marking/retake/homework/mastery keys (hubConfig.ts:7-43),"Add a small per-child Support profile stored on the enrolment, read by quiz/lesson/home",,1
T4-02,T4,#9,Quizzes > New quiz; child quiz runner,shared-assess/TakeAssessment.tsx,Timer pill + intro,Extra time needs a cloned quiz; clock keeps running when child leaves; red pill last 60s; auto hand-in at zero,4,,"TakeAssessment.tsx:77,140-147,260,278,287,354; AssessmentBuilder.tsx:190-193",Per-child timing override (Normal/+25%/+50%/No timer) applied server-side; hide clock digits unless asked,,1
T4-03,T4,C4 #1 #2 #4,Student home; lesson player,home/StudentHome.tsx,Hero streak strip; lesson header pills,"Flame streak, XP, confetti and streak reset on a wrong answer cannot be turned off",4,,"StudentHome.tsx:138-142; LessonPlayer.tsx:255-258,292,315-316; DoneStep.tsx:40","Calm mode flag (per child, or tenant): hide streak, XP, confetti, week dots",,1
T4-04,T4,C4 #1 #2,Home Homework card; Homework tab,homework/hwTypes.ts,"Due chips, red tone, late pill","'Overdue by N days', red warning icon, 'Handed in late', 'it'll be marked as late'; one due date for all assigned",3,,"hwTypes.ts:44,48; StudentHome.tsx:179,194; StudentHomework.tsx:190,333; HomeworkForm.tsx:167-169","Neutral wording ('Due Friday', 'Still to do'), no red for child; per-child due date",,1
T4-05,T4,#13,Tools tab,tools/registryData.ts,Tool tiles,"Read-aloud X-08, Accessibility panel X-09, Timer X-03 are In build; size/spacing only in 2 writing tools and not remembered",3,,"registryData.ts:177,182,183; readingOptions.tsx:6,10-15; ToolsPanel.tsx:18",Build X-08/X-09 first; persist reading options per child,,1
T4-06,T4,#3,Homework > Set homework,homework/HomeworkForm.tsx,Dialog,"8 fields, free-text instructions, default 7 days, child sees a blank 7-row answer box",3,,HomeworkForm.tsx:142-223; StudentHomework.tsx answer textarea (rows=7),"'Short task' preset: due tomorrow, numbered steps shown one at a time, extras collapsed, 'notify later'",,1
T4-07,T4,C4 #1,Student home,home/StudentHome.tsx,Whole page,"~8 blocks, 3 moving items (countdown, week dots, flame), 4 competing buttons",3,,StudentHome.tsx:104-270; NextLesson.tsx:24,"'Today, one thing' card top; rest under More; hide live countdown unless lesson is within an hour",,1
T4-08,T4,#9 C4 #2,Quiz result; retake,shared-assess/retake.tsx,Retake break,"After 3 fails in a row, 30-min lock tenant-wide default; only fix is tutor grant per attempt",2,,"hubConfig.ts:33-36,78-79; retake.tsx:43,66",Per-child override (off / shorter) in Support profile,,1
T4-09,T4,#13,Tools tab,tools/ToolsPanel.tsx,Grid,138 greyed tiles by default; light scope overrides dark/contrast; Tools not in child tabs,2,,"ToolsPanel.tsx:18,77-78; lightScope.ts:5-8; KidMode.tsx:15",'Ready to use only' on by default; honour theme; let tutor pin tools to a child,,1
T4-10,T4,C4 #2,Quiz runner,shared-assess/TakeAssessment.tsx,"Text answer, review step",Enter in a text box moves to next question without a save cue; 'Unanswered questions score no marks' warning; slide animation only stops with OS reduce-motion,2,,"TakeAssessment.tsx onKeyDown (Enter next), review notice ~:354; HubTabs.tsx:17",Show 'Saved' tick on Enter; soften copy; per-child reduce-motion,,1
T5-01,T5,a-b,/freelancer/learninghub?tab=students,features/learninghub/StudentsPanel.tsx,Enrol modal empty list,Cannot enrol a child I name myself: empty list says No children to enrol yet; only route is invite link + parent account + wait,4,,"StudentsPanel.tsx:224-225,:101-130",Put invite first in empty state with native share sheet and prewritten message; consider tutor-typed pending child,,1
T5-02,T5,a,/freelancer/learninghub?tab=home,features/learninghub/home/TutorHome.tsx,Home first screen,"No first-run guidance: 4 zero tiles + 5 'All clear' rows + 6 equal tiles, no order; Enrol is 5th",3,,"HubHero.tsx:149; TutorHome.tsx:32,:57-63,:163-170","When 0 students show a 3-step Get going card (enrol, pick lesson, set homework) and collapse zero cards",,1
T5-03,T5,c,/freelancer/learninghub?tab=homework,features/learninghub/homework/hwPickers.tsx,Homework form Link lessons,"Lesson picker has only a title/body search and 190px list, no Year/Subject filter; 'Year 3 fractions' phrase finds nothing",3,,"hwPickers.tsx:65,:85-91; learningHub.ts:539,:546",Add Year chips and subject select (server already supports year=) and split search into words,,1
T5-04,T5,a,/freelancer (dashboard),features/learninghub/home/EnableHubCard.tsx,Enable card,Card title says Teaching Hub but button says Turn on the Learning Hub; no next step after turning on; Not now hides it forever,2,,"EnableHubCard.tsx:37,:42,:24",Use one name; after success show Open Teaching Hub button,,1
T5-05,T5,a,/freelancer/learninghub (hub off),features/learninghub/LearningHubApp.tsx,Hub-off state,Dead-end sentence 'isn't available on this account. It's off until you switch it on' and a Setup link instead of one-tap enable,2,,LearningHubApp.tsx:163-166,Inline Turn on button reusing EnableHubCard logic,,1
T5-06,T5,b,/freelancer/learninghub?tab=students,features/learninghub/StudentsPanel.tsx,Invite flow,"Invitation sent outside app; no template, no share sheet, two similar boxes (page link vs invite link)",3,,"StudentsPanel.tsx:101,:130,:259-274",Merge into one Invite a parent box with Share button,,1
T5-07,T5,f,/freelancer/learninghub,features/learninghub/HubTabs.tsx,Tab strip,"11 tabs, no icons under 1024px, ~3.5 visible at 390px, Homework needs 2+ swipes, 6 tabs irrelevant on day one; longest label is 'Student message centre'",3,,"HubTabs.tsx:113,:87-95; panels.tsx:31","Progressive disclosure: show 5 core tabs until first student, rest under More; shorten to Messages",,1
T5-08,T5,c,/freelancer/learninghub,features/learninghub/NotesPanel.tsx;home/TutorHome.tsx;homework/TutorHomework.tsx,Assign homework entry points,"Three names (Assign homework / Set homework / Set for children), icon-only list action, segmented control that is also a button",2,,TutorHome.tsx:60; TutorHomework.tsx:126; NotesPanel.tsx:279,One verb everywhere: Set homework; label the row action,,1
T5-09,T5,b-e,/freelancer/learninghub?tab=diagnostic,features/learninghub/quiz/PlacementGuide.tsx,Placement tab,Placement optional (requireDiagnostic false) but never said outside the tab; building needs questions a new tutor lacks; terms Diagnostic/Baseline/Starting quiz vary,2,,lib/hubConfig.ts:74; PlacementGuide.tsx:10-12; AssessmentList.tsx:170,Add Optional line and a link to use a ready-made placement test,,1
T5-10,T5,b,/freelancer/learninghub?tab=live,features/learninghub/LiveLessonsPanel.tsx,Live lessons empty state,Empty state says Enrol a student first but no button to do so; Schedule button hidden until a student exists,2,,LiveLessonsPanel.tsx:208-210; TutorHomework.tsx:122,Show Enrol a student button in the no-student branch,,1
T5-11,T5,d,/freelancer/learninghub?tab=tools,features/learninghub/tools/ToolsPanel.tsx,Tools tab,No purpose line; the meta blurb is not shown; many tiles greyed In build/Coming soon; KS1-KS5 jargon,2,,"ToolsPanel.tsx:14,:35-36,:73",Add one-line intro and link tools to quiz Tool question,,1
T5-12,T5,a,/freelancer/learninghub?tab=home,features/learninghub/HubHero.tsx,Hero + stat tiles,Hero lede lists features not a first step; 4 stat tiles of 0 push the actions below the fold on a phone,2,,"HubHero.tsx:113-116,:149",Hide tiles when all zero; lede: Add your first student to begin,,1
T5-13,T5,e,/freelancer/learninghub,features/learninghub/home/TutorHome.tsx,Quick actions,Teach in person sits alone in the 6th slot of a 2-col grid; the word combos Live lessons/Schedule video lesson/Teach in person are unexplained together,1,,"TutorHome.tsx:57-63,:194-197","Add a hint: With a child beside you, quizzes on your device",,1
T5-14,T5,b,/freelancer/learninghub?tab=students,features/learninghub/StudentsPanel.tsx,Enrol modal copy,"Jargon and assumptions: 'booked with you', 'your page link' with no explanation of my page",2,,StudentsPanel.tsx:225,Plain wording: Ask the parent to sign up with this link,,1
X1-01,X1,any user live lesson,hub/live,features/learninghub/live/board/BoardCanvas.tsx,Whiteboard canvas,No keyboard way to draw a stroke or create text/shape/sticky; keys only switch tool/nudge/delete existing elements,4,,BoardCanvas.tsx:121-127; controller.ts:1183-1215 (creation only via pointerDown/Move/Up),"Add keyboard ""add text/sticky/shape at centre"" actions and arrow-nudge; document in aria-label",,1
X1-02,X1,tutor clear attention,hub/home,features/learninghub/home/TutorHome.tsx,Needs your attention rows,Row switches tab but focus is dropped to body; keyboard/SR user must re-tab from top,4,,TutorHome.tsx:169-173; homeKit.tsx:31; LearningHubApp.tsx:263 tabpanel tabIndex -1 never focused,On go() move focus to the new tabpanel heading and announce destination,,1
X1-03,X1,child quiz with tool question,hub/quizzes take,features/learninghub/shared-assess/ui.tsx,Dialog Escape stack,Assessment dialog handles Escape on document with stopPropagation so ToolHost (window) cannot close; Escape may close the quiz dialog instead,3,,ui.tsx:236-252; ToolHost.tsx:47; both focus traps active,Single modal stack; nested dialog handles Escape first and traps only itself,,1
X1-04,X1,child quiz,hub/quizzes take,features/learninghub/shared-assess/TakeAssessment.tsx,Timer,Time limit auto-submits with no extra-time or pause; timer is role=timer with aria-label changing each second and no polite warning at 5/1 min,3,,TakeAssessment.tsx:77-78,147,,1
X1-05,X1,any,hub all,app/globals.css,Colour tokens,White on --green (2.74) --sem-ok (2.28) --sem-warn (2.15) --sem-info (3.23) --sem-crit (3.76); gold text 1.79,3,,lessonUi.tsx:39; CaptureGrid.tsx:185; PadBoard.tsx:50; WorkView.tsx:101; Lobby.tsx:41; LessonNotesEditor.tsx:141; AreaDrawer.tsx:117,Use --hub-green-fill / --hub-red-ink / dark text on gold everywhere; retire raw --green as a text/fill-with-white colour,,1
X1-06,X1,any dark portal,app/globals.css,app/globals.css,Dark tokens,Global --ink-3 3.81:1 on panel and custdash --ink-3 3.3:1; --brand on dark surface 1.70,3,,globals.css:16,126; computed ratios,,1
X1-07,X1,child quiz,hub/quizzes,features/learninghub/shared-assess/TakeAssessment.tsx,Timer chip,Urgent timer red on red-soft 4.12:1 at 13px,2,,TakeAssessment.tsx:278,Use --hub-red-ink,,1
X1-08,X1,any,hub forms,features/learninghub/kit.tsx,Form controls,Field and tile borders (--line/--hub-warm-line) are 1.2-1.3:1; no 3:1 boundary for controls,3,,kit.tsx:110-118; MatchOrder.tsx:98,Use a 3:1 border token for inputs slots and tiles,,1
X1-09,X1,any,hub all,features/learninghub/LearningHubApp.tsx,Page structure,No h1 and no document.title update on tab change; heading levels skip (h4 first),3,,LearningHubApp.tsx:253-263; NotesPanel.tsx:721,Add one h1 per panel and set document.title per tab,,1
X1-10,X1,any user curriculum,hub/curriculum,features/learninghub/curriculum/CurriculumCard.tsx,Subject tabs,role=tablist/tab without roving tabindex arrows or tabpanel,2,,CurriculumCard.tsx:127-129,Implement pattern or switch to aria-pressed buttons,,1
X1-11,X1,parent switch child,hub/family,features/learninghub/family/FamilyContext.tsx,Who's learning picker,Switching child changes all data with no announcement,2,,FamilyContext.tsx:92,"Add role=status ""Now showing <name>"" and move focus to panel heading",,1
X1-12,X1,any,hub loading,features/learninghub/kit.tsx,Skeletons,role=status with only aria-label and no text; may not announce,2,,kit.tsx:200; LearningHubApp.tsx:146,"Add sr-only ""Loading"" text inside the live region",,1
X1-13,X1,child quiz,hub/quizzes,features/learninghub/shared-assess/MatchOrder.tsx,Match put-back,Removing a placed tile by keyboard relies on selecting it then activating a non-focusable pool div,2,,MatchOrder.tsx:245,"Add ""Put back"" button/Delete key on placed tile",,1
X1-14,X1,tutor homework,hub/homework,features/learninghub/homework/HomeworkForm.tsx,Form errors,No aria-invalid/aria-describedby in quiz homework or marking forms; errors in banner not tied to field,2,,grep shared-assess homework quiz: none; kit.tsx:387,Link errors to fields; focus first invalid,,1
X1-15,X1,any user live lesson,hub/remotesync,features/learninghub/remotesync/FloatingPanel.tsx,Floating window,Resize is pointer only; focus ring uses --brand (1.7:1 on dark); window may cover focused item,2,,FloatingPanel.tsx:88-98,122-124,,1
X1-16,X1,any user live lesson,hub/live,features/learninghub/live/board/BoardCanvas.tsx,Board shortcuts,Single-letter shortcuts stay active after toolbar click; no off switch,2,,BoardCanvas.tsx:64-83; controller.ts:1200,Scope to canvas focus or add setting,,1
X1-17,X1,parent,hub all,features/learninghub/shared-assess/TakeAssessment.tsx,Small text,"447 uses of 11-11.5px; key status line ""Question n of m"" at 11.5px ink-3",2,,TakeAssessment.tsx:274,Min 12.5-14px for status text,,1
X1-18,X1,child,hub/family,features/learninghub/family/ParentGate.tsx,Parent gate,Maths-sum gate is a cognitive barrier and error text 13px --red,2,,ParentGate.tsx:28-31,Offer alternative gate; use --hub-red-ink,,1
X1-19,X1,tutor,hub/students,features/learninghub/tools/maths/CoordGrid.tsx,Coordinate grid,Points draggable by pointer; keyboard needs typed x/y entry; chips 32px,1,,CoordGrid.tsx:46-54,102-104,,1
X1-20,X1,any,hub all,features/learninghub/HubTabs.tsx,Tab strip,Automatic activation on arrows fires a panel load per key; Soon tabs aria-disabled yet openable,2,,HubTabs.tsx:65-77,118,,1
X2-01,X2 DSL,a tutor messages a child,POST /api/learning-hub/doubts,server/src/routes/hub/doubtsApi.ts,Roster Message action,Any in-scope tutor can open a 1:1 thread to any enrolled child; no assignment check or DSL visibility,4,,doubtsApi.ts:96-116; teachingCommon.ts:40-53,Restrict to assigned tutorUid or explicit group; copy DSL mailbox; add report button for child/parent,,1
X2-02,X2 DSL,a tutor messages a child,POST /doubts,server/src/routes/hub/doubtsApi.ts,Message text,No scan for phone numbers/emails/links/keywords; text echoed in parent email,3,,doubtsApi.ts:38 and :111-114,Server-side pattern flag with hold-for-review; strip contact details,,1
X2-03,X2 DSL,DSL wants to review threads,GET /doubts,server/src/routes/hub/doubtsApi.ts,Questions tab,No DSL/HQ oversight list of tutor-child threads; seen flag overwrites without reader/time,3,,doubtsApi.ts:137-143; :206-221,Read-only oversight view plus readBy/readAt log,,1
X2-04,X2 DSL,erase a child,DELETE /api/my/children/:id,server/src/lib/hubPrivacy.ts,Erase,hubDoubts (child text and thread) not erased or exported,4,,hubPrivacy.ts:24-132 has no hubDoubts; grep across my.ts/privacy.ts,Add hubDoubts to export and erase; test that lists every hub collection with childId,,1
X2-05,X2 DSL,erase a child,DELETE /api/my/children/:id,server/src/lib/hubPrivacy.ts,Erase,Notification bodies and remote-sync liveAnswers and uploaded board images survive erase,3,,hubPrivacy.ts:92-118 only childIds/attendance/elements,Erase liveAnswers[childId]; delete board image docs; purge notifications by ref,,1
X2-06,X2 DSL,parent asks who was in lesson,POST /lessons/:id/join,server/src/routes/hub/lessonsApi.ts,Join,No participant log; any in-scope tutor joins as owner; only first tutorJoinedAt kept,3,,lessonsApi.ts:441-445; :479,Record every join/leave with role and uid; restrict owner to assigned tutor plus named cover,,1
X2-07,X2 DSL,parent asks who saw data,GET /api/privacy/export,server/src/lib/hubPrivacy.ts,Export,No access log of staff viewing a child's data,3,,no read audit in hub routes,Log staff reads of child profile/threads and expose in export,,1
X2-08,X2 DSL,HQ view as tutor then button,x-act-as header,server/src/middleware/role.ts,Impersonation,Writes stamped as the tutor; no actedBy; audit is console.warn plus optional log call,4,,role.ts:138-150; platform.ts:32-40; doubtsApi.ts:174,Stamp actedBy on all writes; refuse messaging and joins while impersonating; server-side log on every act-as request,,1
X2-09,X2 DSL,HQ view as tutor then button,x-act-as header,components/shell/ImpersonationBar.tsx,Bar,Header works without calling the audit endpoint so impersonation can happen unlogged; parents/tutors get no notice,3,,role.ts:140 vs platform.ts:39,Make header valid only with a server-issued session id from /impersonate,,1
X2-10,X2 DSL,kid tries to leave hub,n/a,features/learninghub/family/ParentGate.tsx,Parent gate,Client-only sum with unlimited guesses; sessionStorage state,2,,ParentGate.tsx:8-21; KidMode.tsx:10,Add attempt lockout and optional parent PIN; keep server-side child context,,1
X2-11,X2 DSL,live video safety,POST /lessons/:id/join,server/src/lib/hubVideo.ts,Room settings,Families may enter the room 10 mins early before tutor; no lobby; capacity up to 200,2,,hubVideo.ts:108-118; lessonsApi.ts:455,Require tutor-present before family token mint; set lobby,,1
X2-12,X2 DSL,tool autosave,PUT /tools/state,server/src/routes/hub/toolsApi.ts,Tool state,Arbitrary JSON up to 64 KB stored under child key; writing tools promise nothing leaves device,2,,toolsApi.ts:36,66-78; TimedWriting.tsx:81,,1
X2-13,X2 DSL,child nudges,Student Home,features/learninghub/home/StudentHome.tsx,Streak flame,Streaks and keep-it-going copy on by default,2,,StudentHome.tsx:56-61,138-142,,1
X2-14,X2 DSL,dev/test email,notifyFamilies,server/src/lib/mailer.ts,Mail gate,Safe by default (MAIL_LIVE off) but staging DB with MAIL_LIVE=1 would mail real parents,2,,mailer.ts:87-99; hubNotify.ts:47-76,Refuse MAIL_LIVE when NODE_ENV or project id is not production,,1
X2-15,X2 DSL,franchise scoping,GET /doubts,server/src/routes/hub/doubtsApi.ts,Inbox,Scoping correct but every tutor in a franchise sees every child's threads; tenant read then filter in memory,2,,doubtsApi.ts:137-139,Query by franchiseId and assigned tutor,,1
X3-01,X3 Information architect,All,/freelancer/learninghub,features/learninghub/panels.tsx,Tab strip,"11 tabs organised by data type not by tutor job; strip scrolls, last tab cut off at ~900px",4,,panels.tsx:31 TAB_ORDER; 01-inventory Summary; brief 7A.2 #1,"Collapse to 6 job tabs: Today, Students, Library, Teach, Progress, Messages",,1
X3-02,X3 Information architect,"3,4,10",/freelancer/learninghub,features/learninghub/home/TutorHome.tsx,Assign,"Assign has 14 entry points and 3 code paths (shared intent, direct form, 2 direct-post mini-forms) so same verb behaves differently by origin",4,,"01-inventory Duplicate paths; HomeworkForLesson.tsx:80,108; inperson/api.ts:48","One global Assign sheet: what, who, when, done; delete the direct-post forms",,1
X3-03,X3 Information architect,2,/freelancer/learninghub,features/learninghub/home/TutorHome.tsx,Mark,"Marking split over 3 queues (Homework To mark, Quizzes Marking, Placement Marking) plus Home rows that only jump tab",4,,TutorHome.tsx:168-171; 01-inventory Sub-tabs,One Mark queue on Today with Mark and next across types,,1
X3-04,X3 Information architect,2,/freelancer/learninghub,features/learninghub/homework/MarkDialog.tsx,Mark,Mark and next exists only for homework; quiz written answers need open+save per item; clearing 9+7 costs ~28 clicks,3,,MarkDialog.tsx:12; click count table in X3-journal,Reuse Mark and next for all types; keyboard next,,1
X3-05,X3 Information architect,1,/freelancer/learninghub,features/learninghub/home/TutorHome.tsx,Today,Home is a 10-block dashboard (~220 words) before tonight's task; answers 'how big is my catalogue' before 'what now',3,,01b Home row; brief 7A.1,"Today = next class, to mark, overdue/quiet, one Assign button; rest to Progress",,1
X3-06,X3 Information architect,1,/freelancer/learninghub,features/learninghub/HubHero.tsx,Hero,"Four vanity stat tiles on Home (Lessons 7,894 = notes incl. boards/drafts, Subjects 7 = distinct topic strings, Worksheets 1 = attachments)",3,,"01c 1.1; ranked #3, #11",Delete tiles from Today; if kept define as isLesson && !board,,1
X3-07,X3 Information architect,8,/freelancer/learninghub,features/learninghub/home/ClassSnapshot.tsx,Nudge,"'Needs a nudge' row is labelled Assign, opens the homework form with no student preselected; a nudge is a message not homework",3,,ClassSnapshot.tsx:163-167; 01-inventory duplicate table,Inline Check in action with kind prefilled message to student/parent,,1
X3-08,X3 Information architect,All,/freelancer/learninghub,features/learninghub/HubTabs.tsx,Nav depth,"Depth 3-4: side nav, tab, sub-tab (4 on Placement/Quizzes), filter chips, item",3,,01-inventory Sub-tabs; sitemap,Max depth 2 for daily jobs,,1
X3-09,X3 Information architect,9,/freelancer/learninghub,features/learninghub/quiz/TutorAssess.tsx,Library,"Question bank identical under Quizzes and Placement (same object, two homes)",2,,01-inventory Sub-tabs (TutorAssess.tsx:63),One Question bank inside Library,,1
X3-10,X3 Information architect,"3,10",/freelancer/learninghub,features/learninghub/NotesPanel.tsx,Library,"Lessons, Quizzes, Flashcards, Placement, Tools each open on the whole catalogue (8,971 quizzes, 51,873 cards, 7,894 lessons) not the tutor's students",3,,brief 7A.2 #2; 01c section 4,"Scopes: Mine, Recent, For my students, All; default to students' years/subjects",,1
X3-11,X3 Information architect,4,/freelancer/learninghub,features/learninghub/DiagnosticPanel.tsx,Starting quiz,"Placement is a top-level tab (78 tests, 3-step explainer, Waive form at bottom) for a one-off per-student event",3,,brief 7A.2 #7; 01b Placement row,Fold into Enrol wizard and student profile; authoring in Library,,1
X3-12,X3 Information architect,4,/freelancer/learninghub,features/learninghub/StudentsPanel.tsx,Enrol,"Enrol then start a Year 3 costs ~23 clicks across Students, Placement, Lessons, Messages",4,,Click count table X3-journal scenario 4,"Enrol wizard: subjects, starting quiz default on, parent invite, first-lesson suggestion",,1
X3-13,X3 Information architect,"4,8",/freelancer/learninghub,features/learninghub/StudentsPanel.tsx,Student profile,"No student profile hub: progress, message, assign are separate tabs with the student re-picked each time",3,,01-inventory Students; brief 7A.2 #12,"Student profile = home for assign, mark, progress, starting quiz, messages, parent",,1
X3-14,X3 Information architect,3,/freelancer/learninghub,features/learninghub/GroupsSection.tsx,Students,"Groups (marked optional) fill the top half of Students before the primary object, the student",2,,brief 7A.2 #12; 01b Students row,Groups as a filter/multiplier chip and as a 'who' in Assign,,1
X3-15,X3 Information architect,"5,6",/freelancer/learninghub,features/learninghub/LiveLessonsPanel.tsx,Teach,"Live lessons, Schedule video lesson, Teach in person, broadcasting, Rejoin: five names for two modes",3,,01-inventory Naming; 00-brief 7A.2 #16,Teach tab: Video class / In-person class,,1
X3-16,X3 Information architect,5,/freelancer/learninghub,features/learninghub/remotesync/TutorLiveBanner.tsx,Teach,A forgotten broadcast cannot be ended from the UI (endRemoteSync has no caller); stale banner persists days,4,,01c section 5; 01-inventory Broadcasting banner,End button on banner; 45 min idle expiry,,1
X3-17,X3 Information architect,"1,5",/freelancer/learninghub,features/learninghub/home/NextLesson.tsx,Today,Next lesson on Home duplicates Live lessons 'Nothing coming up',2,,01c 1.3,Single Next class card on Today; Teach lists Upcoming,,1
X3-18,X3 Information architect,6,/freelancer/learninghub,features/learninghub/inperson/InPersonApp.tsx,Teach in person,"No register in in-person flow (no register/attendance in inperson/); scenario 6 needs register, quiz, results",3,,grep of features/learninghub/inperson; brief scenario 6,Register step defaulting all present; quiz and results in the same flow,,1
X3-19,X3 Information architect,10,/freelancer/learninghub,features/learninghub/tools/ToolsPanel.tsx,Tools,"Tools is a top-level tab of 216 tiles, 138 not ready; no PANEL_ICON; purpose unclear; it is a lesson-time launcher",2,,01-inventory dead code; brief 7A.2 #9,Move to Teach launcher and Library type; hide unreleased,,1
X3-20,X3 Information architect,3,/freelancer/learninghub,features/learninghub/curriculum/CurriculumCard.tsx,Progress,"Curriculum coverage appears twice (CurriculumRings on Progress, CurriculumCard on Lessons) with different lesson counts and Lessons opens on a 200-cell grid",3,,01-inventory Duplicate paths; 01c section 6,One Coverage view in Library and per-student in Progress; Lessons opens on the list,,1
X3-21,X3 Information architect,7,/freelancer/learninghub,features/learninghub/ProgressPanel.tsx,Reporting,No parents' evening export or term view a parent can read,3,,brief scenario 7; 01-inventory Progress,Per-student report view with print/export,,1
X3-22,X3 Information architect,8,/freelancer/learninghub,features/learninghub/QuestionsPanel.tsx,Messages,"Student message centre is folders x lessons x threads; key 'questions', API 'doubts', label differs by role",3,,"01-inventory Messages, Naming","Unread-first inbox, one thread per child, header icon",,1
X3-23,X3 Information architect,11,/freelancer/learninghub,features/learninghub/HubHero.tsx,Settings,"Pass mark, show answers, retake, placement required live in another app (/setup?tab=hub); no override where used; staff never see it",2,,01-inventory Settings; HubHero.tsx:71,Settings gear in hub; per-quiz overrides,,1
X3-24,X3 Information architect,3,/freelancer/learninghub,features/learninghub/homework/TutorHomework.tsx,Assign,Homework is both a content type and an assignment; segmented 'Set homework' is a list and a button,2,,01b Homework row; TutorHomework.tsx:126,Homework = assigned thing only; Assign is the verb,,1
X3-25,X3 Information architect,All,/freelancer/learninghub,features/learninghub/names.ts,Vocabulary,Notes vs Lessons; hubLessons holds live sessions while hubNotes holds lessons; diagnostic/Placement/Starting quiz/Baseline; Hub has three names,3,,01-inventory Naming; 01c 1.1,Adopt vocabulary table in X3-journal section 5,,1
X3-26,X3 Information architect,3,/freelancer/learninghub,features/learninghub/teachKit.tsx,Quick actions,Quick actions New lesson and Assign homework work by regex-clicking hidden DOM buttons,2,,teachKit.tsx:310; 01-inventory dead code,Direct handlers or one action registry,,1
X3-27,X3 Information architect,C1,/custdash/learninghub,features/learninghub/family/KidMode.tsx,Child home,Kid mode gets 7 tabs mirroring tutor tabs; child asks 'what do I do now' and gets 5 peer tabs,3,,KidMode.tsx:15; brief 8.2,"Age-band nav: KS1 3 icons, KS2/KS3-4 4 tabs; tasks in Today",,1
X3-28,X3 Information architect,C1,/custdash/learninghub,features/learninghub/home/StudentHome.tsx,Child home,Home and Homework tab give different answers (2 due vs none) because empty state shown on failure and overdue called due soon,4,,01c 3.1,Share one homework fetch; error not empty,,1
X3-29,X3 Information architect,C2,/custdash/learninghub,features/learninghub/shared-assess/StudentAssess.tsx,Child quizzes,Quizzes tab shows 709 incl. 599 locked lesson quizzes; two different 'lock' rules share one word,3,,01c section 4; brief 8.2 #3,Only assigned/unlocked in Today; Explore opt-in for KS3-4,,1
X3-30,X3 Information architect,P1,/custdash/learninghub,features/learninghub/home/StudentHome.tsx,Parent,"Parent sees 10 tabs incl. Tools, Placement, Quizzes; wants 'is my child OK, what next' in one glance",3,,01-inventory tab visibility table; 01b parent Home row,"4 tabs: Today, Progress, Messages, Learning",,1
X3-31,X3 Information architect,C2,/custdash/learninghub,features/learninghub/curriculum/CurriculumCard.tsx,Child lessons,Child Lessons tab opens on a tutor-style curriculum grid before the lessons,2,,brief 8.2 #5; CurriculumCard child mode,Lessons first; My map only for KS3-4 under Progress,,1
